name,email,gender
Alvy,Hansbury,Male
Camille,Foord,Female
Noel,Fusedale,Male
Antonia,Atte-Stone,Female
Gianni,Zuppa,Male
Misha,Tomaselli,Female
Jayne,MacKnocker,Female
Jacenta,Guye,Female
Cally,Druhan,Female
Darrell,Mithan,Male
Cathy,Dumphries,Female
Wood,Mulford,Agender
Mozelle,Heiton,Female
Starr,Gress,Female
Angel,Murkus,Male
Donielle,Secker,Female
Jessika,Jako,Agender
Auroora,Colleer,Female
Laurella,Pashbee,Female
Bridie,Cargo,Female
Kimble,Lee,Male
Tawsha,Petters,Female
Averil,Wombwell,Male
Wadsworth,Barnet,Male
Brion,Kinner,Male
Jinny,Fishbourne,Genderqueer
Arleen,Chardin,Polygender
Maitilde,Frossell,Female
Johannah,Debill,Female
Odelle,McCutcheon,Female
Kile,Oury,Male
Maridel,Sarginson,Female
Tracey,Arend,Female
Cob,Goodsir,Male
Dana,Bread,Genderqueer
Sansone,McCadden,Male
Micheal,Lambshine,Male
Annabelle,Wolfenden,Female
Lavinie,Thompstone,Female
Skell,Tupper,Male
Joceline,Franceschielli,Female
Terrie,Grazier,Female
Jean,Rumin,Female
Lynette,Rich,Female
Augustina,Wayman,Female
Ara,Castells,Female
Hurley,Pioli,Male
Tate,Andreuzzi,Female
Martita,Dudding,Female
Aubrey,Haresnaip,Female
Dehlia,Badger,Female
Karilynn,Abramovitz,Female
Dode,Betz,Female
Reginauld,Voas,Male
Gustie,Hatliff,Female
Vannie,Elsip,Female
Felicia,Tolman,Female
Rowney,Tombleson,Male
Demetra,Croome,Female
Teodor,Scarasbrick,Male
Johnath,Shailer,Female
Electra,Murcutt,Female
Tiertza,Phillippo,Bigender
Walt,Maben,Male
Whitby,Odegaard,Male
Bartholomew,O' Reagan,Male
Mitchell,Reichelt,Male
Ruthe,Boulden,Female
Ainslee,Dulany,Female
Ravi,Pinks,Male
Morgana,Braiden,Female
Randa,Potter,Female
Bary,Streatley,Male
Jourdan,Goodere,Female
Lorne,Quirke,Female
Patty,McFade,Male
Ursuline,Redwing,Female
Les,Toynbee,Male
Jabez,Hagart,Male
Raychel,Haken,Female
Theodosia,Calvard,Female
Marlow,Gritton,Male
Jewelle,Dumberrill,Female
Stanfield,Sherbrooke,Male
Shelli,Silcox,Female
Terri,Dzenisenka,Male
Ethan,Kabos,Male
Valerie,Springthorp,Female
Bryana,Hoble,Female
Frayda,Buddell,Female
Iggy,Askell,Male
Thaddeus,Hubbold,Male
Tynan,Holtham,Male
Gleda,Labon,Female
Dion,Biggins,Female
Paton,Scothern,Male
Abagail,Howsden,Female
Arny,Everil,Male
Tracey,Bwye,Male
Wainwright,Kristiansen,Male
Willetta,Varley,Female
Erika,Wisdom,Female
Coraline,Chesney,Female
Morgen,Verbruggen,Male
Alie,Tripney,Female
Brandon,Peron,Genderfluid
Jeramey,Penelli,Male
Maximilian,Dowle,Male
Rafferty,Clubley,Male
Gail,Peter,Female
Tana,Emett,Female
Callean,Everingham,Male
Cirillo,Kornacki,Male
Hilliard,Purchon,Agender
Olav,Lohden,Male
Alexis,GiacobbiniJacob,Male
Julianna,Guilaem,Female
Shelley,Charlet,Female
Hannis,Churly,Female
Dick,Aldwich,Male
Chicky,Coaker,Male
Rory,Liveing,Non-binary
Juliann,Caddens,Female
Haley,Boshere,Female
Robinette,Winskill,Female
Waylon,Grevatt,Male
Ara,Keble,Male
Dick,Himsworth,Male
Fredric,Fuggles,Male
Dall,Trevithick,Male
Yolanda,Lansbury,Agender
Ray,Kevern,Female
Francine,Beckenham,Genderqueer
Marcille,Lorryman,Bigender
Ezechiel,Cleyburn,Male
Dare,Lydiate,Male
Pernell,Oriel,Male
Calhoun,Matthias,Polygender
Meredeth,Sherbrook,Male
Stanislas,Sleeford,Male
Lorne,Yakolev,Female
Sonia,Yetman,Female
Jojo,Cadney,Female
Martita,Tottie,Agender
Eyde,Benley,Female
Klarika,Patton,Female
Tanny,Courtonne,Male
See,Kemer,Male
Janella,Shutte,Female
Jeniece,Beccles,Female
Marvin,Friedenbach,Male
Sauveur,Targett,Polygender
Raine,Woolager,Female
Heath,Roussel,Female
Madel,Scutcheon,Female
Constanta,Ezzy,Female
Vittorio,Tolchar,Male
Greta,Pottinger,Female
Catha,Torritti,Genderqueer
Lenard,Bonnesen,Male
Sheela,Sharp,Female
Aaren,Maceur,Female
Ericka,Figger,Female
Donnie,Yeoman,Female
Ker,Draisey,Male
Rubina,Wetherell,Female
Pietra,Mapp,Female
Charyl,Glidden,Female
Hughie,Cooch,Male
Henry,Clears,Male
Hirsch,Faldo,Male
Vanya,Westall,Male
Danya,Barehead,Male
Candie,Kollach,Female
Rozalin,Glading,Polygender
Liana,Jacomb,Genderqueer
Cybil,Ashpital,Female
Jenna,Ruston,Female
Anabella,Merriday,Female
Mallissa,Brose,Genderfluid
Riki,Blandamere,Female
Massimiliano,Oddey,Male
Orlando,Harwin,Male
Hildy,Priestman,Female
Tiffanie,Kerswell,Polygender
Conn,Heardman,Male
April,Pleasance,Female
Stearne,Knight,Male
Hamid,Slessar,Male
Reilly,Timberlake,Male
Ethel,Brewse,Female
Jonis,Berryann,Female
Marcy,Heinreich,Female
Jedidiah,Featherstone,Male
Torrin,Stitle,Male
Carma,Tyzack,Female
Cass,Mocker,Female
Morgen,Yokel,Male
Micki,Rauprich,Female
Willi,Govett,Female
Andreas,McLugaish,Male
Kathryne,Edds,Female
Marja,Cusack,Female
Cristin,Duplan,Female
Nikolas,Wigmore,Male
Inigo,Watmore,Male
Waylin,Easterby,Genderfluid
Paton,Sindall,Male
Moria,Berggren,Female
Ximenez,Wimsett,Male
Emera,Brikner,Non-binary
Benny,Briskey,Male
Sheffie,Hoston,Male
Rebbecca,Phayre,Female
Curcio,Heppenspall,Male
Donn,Monck,Polygender
Valentijn,Franzonello,Male
Guillermo,Wintle,Male
Lorrin,Rouby,Non-binary
Shanan,Woodrooffe,Male
Flossie,Tayler,Female
Hetty,Culcheth,Female
Casie,Mylchreest,Female
Blithe,Malek,Female
Sandi,Tuffley,Female
Thatcher,Edmonston,Male
Xavier,Paradis,Male
Beilul,Clarkin,Female
Felisha,Pendergast,Female
Sibelle,Petrusch,Female
Vin,McMickan,Polygender
Perceval,Timothy,Male
Cleopatra,Dumphreys,Female
Linn,Gentric,Male
Trisha,Vamplers,Female
Min,Mushart,Female
Rudolph,Stoffels,Male
Kent,Gillinghams,Male
Hewe,Bridell,Male
Findlay,Lamberteschi,Male
Hervey,Brame,Male
Clio,Lindeman,Non-binary
Olia,Maton,Female
Meghann,Ladewig,Polygender
Nerty,Atyea,Female
Decca,Henze,Male
Elwira,Perin,Female
Linus,Levicount,Male
Jocko,Freeberne,Male
Lorene,Wormstone,Female
Danyelle,Winchcum,Non-binary
Afton,Dyet,Genderqueer
Korie,Uc,Female
Regine,Giraldon,Female
Maribelle,Janowski,Female
Lorrayne,Ferier,Female
Bondon,Bowra,Male
Sibby,Vickars,Female
Cicely,Trimbey,Female
Korie,Arthy,Female
Lynnett,Onians,Female
Sansone,Lytell,Male
Ashley,Baldinotti,Male
Maure,Cornes,Genderqueer
Joachim,Robillart,Male
Rosetta,Reedy,Female
Richardo,Downham,Male
Abdul,Goatcher,Male
Chandra,Livesey,Female
April,Gallimore,Female
Nicoline,Cumesky,Female
Anne-marie,Romanini,Female
Kimmie,Plester,Female
Isis,Sellors,Female
Aurelea,Akroyd,Polygender
Aleksandr,Roselli,Genderqueer
Melonie,Makepeace,Female
Jaclyn,Seine,Female
Nicoline,Malt,Female
Guglielma,Meni,Female
Theodosia,Dreher,Female
Lula,Hudleston,Female
Bradford,Denney,Male
Cilka,Bains,Female
Ragnar,Skoggins,Male
Bob,Glowach,Male
Carleton,Benet,Male
Nertie,Keegan,Bigender
Iorgos,Prise,Male
Quintilla,Binne,Female
Janella,Questier,Genderqueer
Felix,Caulkett,Male
Amory,Posten,Male
Ainslie,Wapplington,Female
Lyell,Pollicott,Male
Shandy,Kirrage,Female
Wyn,Roxby,Male
Idette,Bertolaccini,Female
Averell,Emeline,Agender
Janela,Setter,Female
Brigham,Reinbeck,Male
Zea,Eichmann,Female
Clarette,Bucknill,Female
Tomas,Buntin,Male
Sada,McPherson,Genderqueer
Kerk,Veel,Male
Duane,Felce,Genderfluid
Quinlan,Edgeon,Male
Keven,Grunder,Male
Ignaz,Whiterod,Male
Lucia,Staniland,Female
Charlene,Etherson,Female
Siffre,Pencot,Male
Ede,Blaver,Female
Kile,Liddall,Male
Hashim,Jagels,Male
Jandy,Alywen,Female
Bunni,Poulter,Female
Nissie,Seel,Female
Pascal,Akitt,Male
Alford,McKerley,Male
Claribel,Tarrier,Female
Gilbertina,Lougheid,Female
Jody,Kellock,Female
Ninetta,McEniry,Non-binary
Carmon,Cramer,Polygender
Saudra,Winslade,Genderfluid
Janean,Byrd,Female
Loren,Tice,Male
Feodor,Lombardo,Male
Gavrielle,Rodge,Female
Brnaba,Coomber,Male
George,Feaveer,Male
Odette,Itshak,Female
Boonie,Stivey,Male
Hayes,Zienkiewicz,Male
Marijo,Ryall,Female
Cordula,Martinet,Female
Benny,Blazdell,Male
Tressa,Baton,Female
Elia,Heakey,Male
Murial,Scanlon,Female
Seamus,Trencher,Male
Jonathon,Guilliatt,Male
Constantin,Newlands,Male
Sonia,Normanell,Female
Dennison,Ludwell,Genderqueer
Marlow,Armin,Agender
Vannie,Goulbourn,Female
Lionel,Goldingay,Male
Boonie,Boyall,Male
Darbee,Confort,Male
Collie,Jugging,Female
Drew,Slowcock,Male
Levon,Bensusan,Male
Elenore,Yankin,Female
Opaline,O'Shields,Female
Emmi,Dominguez,Female
Shirl,Walling,Female
Neils,Hennington,Male
Sydney,Tollett,Male
Mathian,Brownsey,Male
Guthrie,Levett,Polygender
Tedra,O'Grady,Female
Madelina,Landal,Female
Glenn,Michelle,Male
Wait,Romeo,Male
Buddy,Doogood,Male
Laurens,Ibbetson,Male
Phillie,Francioli,Female
Reagan,Kither,Male
Dixie,Heather,Female
Nanon,Tease,Female
Royce,Gerrietz,Male
Abelard,Jahncke,Male
Raphael,Blakden,Male
Gannie,Kervin,Male
Raleigh,Beange,Male
Holmes,Pollicatt,Male
Arv,Goreway,Male
Tess,Deluca,Agender
Conchita,Braz,Genderqueer
Gwenora,Hofler,Female
Abner,Melendez,Male
Melisa,Van der Beken,Female
Reilly,Frew,Male
Orion,Sharplin,Male
Katrinka,Hallett,Female
Osbourne,Fareweather,Male
Riki,Beetles,Female
Ardath,Cerro,Female
Joyan,Clacey,Female
Lawton,Greasley,Male
Mattie,O'Gleasane,Male
Biron,Rollinshaw,Genderfluid
Katharyn,Spurriar,Female
Job,Sanderson,Male
Reidar,Cosker,Male
Leda,Paulon,Female
Derk,Sphinxe,Male
Berti,Moehler,Female
Mersey,Fetters,Female
Garvin,Newe,Male
Benoit,McKeney,Male
Oralla,Harfoot,Female
Sander,MacFadzean,Male
Andrus,Cuttelar,Male
Aldis,Arnholz,Male
Carina,Garey,Female
Penelope,Mansfield,Female
Niles,Goodbarr,Male
Jacqueline,Wiersma,Female
Lars,Livens,Bigender
Lamar,Ollie,Male
Giustina,Filippo,Female
Filia,Cardozo,Female
Johann,Toby,Male
Anastasie,Samme,Female
Curry,Eschelle,Male
Lindsy,Reichert,Female
Corey,Dimmock,Male
Reuven,Joll,Male
Astra,Gracey,Non-binary
Alla,Elington,Female
Dermot,Lethieulier,Male
Owen,Diemer,Male
Aldon,Bartholomaus,Male
Pearl,Leeds,Female
Xena,Gettone,Female
Petra,Migheli,Female
Reena,Astlett,Non-binary
Shaughn,Suston,Male
Gabrielle,Carnall,Female
Virge,Hengoed,Male
Cristal,Piotrkowski,Female
Hazlett,Osbidston,Male
Skye,Slocomb,Male
Kerrill,Jost,Female
Shae,Vassie,Agender
Zahara,Kirkman,Female
Palmer,Gilbody,Male
Jimmy,Greenleaf,Male
Ferris,Aleksandrikin,Male
Lorne,Devany,Male
Nisse,Bysaker,Female
Jeniffer,Carmel,Non-binary
Carroll,Cleminshaw,Male
Allianora,Novello,Female
Barton,Antognazzi,Male
Harlie,Tomsu,Female
Cami,Buckel,Female
Klement,Spincks,Male
Kippie,Hubback,Female
Matt,Rutt,Male
Ewen,McIlmorie,Male
Amerigo,Ashburne,Male
Spense,Gritten,Male
Zeb,Sapseed,Non-binary
Enrichetta,Petriello,Female
Erich,Curston,Male
Kale,Stiegers,Male
Lorene,Thicking,Female
Grace,Cobbe,Female
Erma,Sharer,Female
Margaretha,Ephgrave,Female
Shaine,Bangs,Male
Isis,Ascrofte,Female
Maxi,Guise,Female
Sibby,Munt,Female
Minetta,Broadbere,Female
Romeo,Minster,Male
Dill,Pendlebury,Male
Gracie,Valasek,Female
Eleanor,Cancellario,Female
Alex,Strangman,Male
Claus,Beartup,Male
Clevie,Fazzioli,Male
Mano,Jacqueme,Male
Bobbie,Roizn,Female
Gabie,Prover,Female
Chad,Beaten,Female
Anastassia,Butlin,Female
Baxy,Bertl,Male
Cathe,Crallan,Female
Buiron,Dodd,Male
Aubree,Fernyhough,Female
Alexander,Marioneau,Male
Rachael,Rzehor,Female
Jackson,Bedinn,Male
Kennie,Marking,Male
Ephrayim,Vennart,Male
Forrester,Monini,Male
Arty,Poore,Male
Nestor,Beedon,Male
Dorey,Suttling,Male
Kimberley,Kelston,Female
Eve,Steane,Genderfluid
Fernando,Duffett,Male
Gabby,Filer,Male
Joseph,Hanstock,Male
Huntley,Bruin,Male
Nickolas,Hadlee,Male
Broddie,Easton,Male
Zonda,Groarty,Female
Kylie,Wilcher,Female
Herc,Brunotti,Male
Jess,Pert,Non-binary
Merle,Reap,Female
Heida,Millimoe,Female
Pia,Slee,Female
Ivette,Caunt,Female
May,Mahady,Female
Theresita,Theobalds,Female
Rowland,Cumpton,Male
Harriott,Mycroft,Female
Erick,Longcaster,Non-binary
Philippe,Ecclesall,Female
Diena,Aaronsohn,Genderfluid
Lewes,Cush,Male
Germain,Norwood,Male
Sherman,Matusson,Male
Georgie,Ferryman,Male
Louisa,Anear,Female
Anjela,Aitcheson,Female
Kristo,Colling,Genderqueer
Dudley,Josephov,Male
Barry,Doche,Bigender
Roxana,Wykes,Bigender
Ruby,Jolley,Male
Patsy,Loseke,Male
Sher,Chaudhry,Female
Sherye,Kalker,Female
Tracee,Readie,Female
Keeley,Djurkovic,Female
Letta,Kreber,Female
Bunnie,Yerborn,Female
Mady,Diss,Female
Arly,Atling,Female
Pasquale,Pimlott,Male
Fleur,Heddan,Female
Kessia,Edney,Female
Hillary,Grgic,Polygender
Gwenneth,Hardwich,Female
Nariko,Scutching,Female
Ernst,Boulder,Male
Nydia,Yokelman,Female
Vernice,Tourle,Non-binary
Venus,Mearns,Female
Aimil,Bicksteth,Female
Boot,Brogan,Male
Bellanca,Vickar,Female
Aaron,Jewitt,Male
Gabbi,Douglas,Female
Leeanne,Gounod,Female
Ogden,Sauvage,Male
Ken,Trencher,Male
Ferne,Edginton,Female
Ana,Coombe,Female
Cynthia,Gisbey,Female
Cassandra,Salkild,Female
Ermina,Pomery,Female
Vidovik,Dowey,Male
Benjy,Ondrich,Male
Shandee,Gynni,Female
Erminia,Dewicke,Agender
Beverlie,Triswell,Female
Augustine,Mote,Female
Jocko,Dovydenas,Male
Christian,Pozzi,Female
Kinny,Dunbar,Genderqueer
Jake,Bertrand,Genderfluid
Jordanna,Lansdale,Female
Heinrick,Haulkham,Male
Beverie,Sorsby,Female
Richardo,Wagg,Male
Monique,Chamberlain,Female
Jayne,Egdell,Female
Blinni,Lyes,Bigender
Jarrad,Brakewell,Male
Dominik,Kinrade,Male
Stephine,Rawcliff,Female
Tobie,McRobert,Male
Brittni,Bassford,Female
Kelila,Shirland,Female
Kayle,Chazotte,Agender
Faina,Huband,Female
Camala,Pietersma,Female
Cyndie,Edwardson,Female
Derk,Scare,Male
Gordan,Rowsell,Male
Irvine,Bertelsen,Male
Dominique,Bleakley,Male
Nikolaus,Drawmer,Male
Briggs,Revan,Male
Andreas,Slocum,Male
Jozef,Moorton,Male
Farlay,Sedgefield,Male
Moss,Sheers,Male
Megan,Vyvyan,Female
Queenie,Oakenfall,Bigender
Charmine,Pheasant,Female
Boyd,Pringour,Male
Clemmie,Boatright,Female
Ingeborg,Chern,Female
Binni,Regis,Female
Inglis,Lander,Male
Arel,Rielly,Male
Ernestine,Worsnup,Female
Tedra,Macconachy,Female
Gar,Peachment,Male
Jennilee,Corteney,Female
Margarette,Llewellin,Female
Tann,Boschmann,Male
Kelby,Erb,Male
Panchito,Alty,Male
Ann,Litel,Genderfluid
Aldridge,Upston,Male
Carole,Feldstern,Female
Murdoch,Maddin,Male
Adriana,Aldin,Female
Cary,Dunican,Male
Byram,Flanders,Male
Hakim,Gritsunov,Male
Rafael,Benardette,Male
Umeko,Rummins,Bigender
Steve,Lillford,Male
Nollie,Brahan,Female
Merridie,Abelson,Female
Allyn,Gardiner,Male
Martainn,Samworth,Male
Lowell,Blabey,Male
Aguie,Romney,Non-binary
Karrah,Jalland,Female
Kamilah,Oakley,Female
Jeanine,Witling,Bigender
Rochell,De Antoni,Female
Teddie,Hryniewicz,Non-binary
Hamid,Schubart,Male
Reg,Slaney,Male
Ingram,D'Agostino,Male
Sandy,Burnage,Male
Karoline,Wooding,Female
Robbi,Debold,Female
Chandal,D'Alwis,Female
Meggi,Blasio,Female
Allx,Mogey,Agender
Jesse,Cannaway,Female
Elberta,Dumphrey,Female
Billi,Pillman,Female
Karlee,Hurry,Female
Gerti,Lightfoot,Female
Laurel,Wastling,Female
Ezechiel,Witter,Male
Cory,Paragreen,Female
Judie,Redfern,Female
Marillin,Jarrette,Non-binary
Luisa,Muttitt,Female
Roman,Schuelcke,Male
Ashlee,Eatttok,Female
Georgie,Moulson,Male
Gustav,Leband,Genderfluid
Daffie,Folkard,Female
Nara,Goforth,Female
Jessie,Smythin,Female
Cassandry,Eveque,Female
Winne,Sorbey,Female
Lisbeth,Mintram,Female
Carmina,Sturton,Female
Danila,Warre,Polygender
Jaquelin,Vedyaev,Female
Rikki,Glawsop,Female
Normy,Price,Genderfluid
Jae,Sear,Non-binary
Vassily,Norfolk,Male
Karina,Brownrigg,Female
Mercie,Le Noire,Polygender
Cathie,Borley,Female
Camilla,Squibb,Female
Rudiger,Hazeltine,Male
Hestia,Gocher,Female
Mellisa,Laviste,Female
Bryanty,Rankine,Male
Brand,Barrington,Male
Ottilie,Cumberland,Female
Antonina,Cotton,Genderfluid
Alexio,Birkby,Male
Bo,Corradino,Male
Silva,Merricks,Female
Berti,O'Crevan,Male
Shirl,Betser,Female
Waldo,Gritskov,Male
Berky,Newarte,Male
Reinhard,Connal,Male
Zaria,McKerron,Female
Mercy,McGibbon,Female
Robinia,Renak,Female
Terrill,Gaddie,Male
Pyotr,Passingham,Male
Cammy,Cater,Female
Chauncey,Lumsden,Male
Baily,Tash,Male
Albertina,Gilbank,Female
Dirk,Duinkerk,Male
Tana,Dornan,Female
Conni,Ballin,Female
Mickie,Steabler,Male
Palm,Whitely,Male
Bank,Claire,Male
Honoria,Seckom,Female
Ivonne,Shearston,Female
Charin,Bill,Female
Jordain,Finci,Female
Rina,Sellan,Female
Rebbecca,Raycroft,Female
Fanchette,Goodchild,Female
Maxy,Larby,Female
Clotilda,Cominotti,Female
Oriana,Beresfore,Female
Meggie,Stainland,Female
Chloe,Timbrell,Female
Nil,Jarred,Genderqueer
Sibylla,Sorrell,Female
Jacquette,Phlipon,Bigender
Issi,Ebdin,Female
Corissa,Galea,Female
Kial,Crauford,Bigender
Linnet,Fulk,Genderqueer
Bastian,Genn,Male
Suzann,Thairs,Female
Lynnea,Ferrarello,Female
Michel,Child,Male
Wells,Ladbrook,Male
Neille,Hurran,Female
Tyrone,Gheeorghie,Male
Titos,Billyeald,Male
Hedi,Vamplew,Female
Tobie,Blackaller,Male
Raimund,La Rosa,Male
Forrester,Liggens,Male
Giffer,Ravenhills,Male
Ambrose,Jeannet,Male
Lavina,Russel,Female
Clem,Winfield,Genderqueer
Cynthie,Salmen,Female
Jobie,Brawley,Female
Nanine,Daws,Female
Reed,Iaduccelli,Male
Osgood,Tieraney,Male
Boone,Paulmann,Male
Brunhilde,Forsard,Female
Shane,Allone,Female
Padriac,Palay,Male
Judas,Cecere,Male
Howey,Stit,Male
Esdras,McElvogue,Male
Fina,Thelwll,Female
Jerrilyn,Dahlman,Genderfluid
Sofia,Johananoff,Female
Madonna,Dobbings,Female
Rosetta,Kettlewell,Female
Claudianus,Fraanchyonok,Male
Bernie,Douch,Female
Moyra,Guite,Female
Hallie,Pignon,Female
Enriqueta,Aldis,Female
Glenn,Geaves,Agender
Valery,Joly,Female
Sheena,Dullaghan,Female
Tabb,Trace,Male
Milt,Cullotey,Male
Wilona,Attwoull,Female
Adolphe,Honnicott,Male
Dieter,Baggett,Male
Rooney,Austick,Male
Felicdad,Easby,Female
Sholom,Fray,Male
Emmalynne,Oseman,Female
Emlen,Vynehall,Male
Aggy,Helks,Female
Hedvig,Borg,Female
Garwood,Dello,Male
Marius,Starten,Male
Shayne,Spendley,Bigender
Arleyne,Pentecust,Female
Sinclair,Saxelby,Male
Belicia,Bonafacino,Female
Kendal,Renault,Male
Shelli,Agent,Female
Jesselyn,Melton,Female
Aldric,Lomax,Male
Griffith,Schelle,Male
Trenton,Tolworthy,Male
Shanda,Schurig,Female
Addy,Baggarley,Female
Kennett,Zorer,Male
Sioux,Lorenzini,Female
Skye,Curphey,Male
Burty,Pina,Male
Putnam,Butterfield,Male
Emlynn,Brewin,Female
Carola,Portriss,Female
Jackson,Smythin,Male
Benny,Jorgensen,Female
Arden,Espinosa,Female
Joice,Jakoub,Female
Bogey,McGairl,Male
Mallory,Philpot,Male
Reid,Symondson,Male
Roselin,Silverwood,Female
Devi,Castiello,Female
Anna-maria,Gyrgorcewicx,Female
Sallee,Avraam,Female
Florinda,Gribbell,Female
Gena,Gregoretti,Female
Aliza,Filippozzi,Female
Axel,Mandell,Male
Georgette,Spearman,Female
Templeton,Woodrow,Male
Buckie,Coraini,Male
Pearce,Juppe,Male
Hedwig,Domeny,Female
Catrina,Graeber,Female
Kalvin,Compston,Male
Jazmin,Brookzie,Female
Mollie,Loughney,Female
Tye,McGowran,Male
Gus,Maxted,Female
Elfreda,Blomefield,Female
Jeno,Goodnow,Male
Wolfie,Shilling,Male
Ev,Nilges,Male
Igor,Goodlud,Male
Harlen,Edmott,Male
Gusella,Yerrall,Female
Ado,Stennine,Male
Yulma,Hardacre,Genderqueer
Udell,McFfaden,Male
Bryce,Gouldthorp,Male
Vivianna,Willard,Female
Ken,Earengey,Male
Daphna,Rickaby,Female
Gardiner,Kellough,Male
Georgeta,Wison,Female
Odille,Lorincz,Female
Gardy,Elijah,Male
Silvanus,Roze,Male
Latrina,Palatini,Female
Valene,Look,Female
Timoteo,Pache,Male
Korry,Knellen,Female
Rockwell,Beddingham,Male
Audra,Heiner,Female
Gregorius,Dickin,Male
Adriano,Buzin,Male
Ruddie,Joderli,Male
Alyson,Jzhakov,Female
Tallou,Wearing,Female
Benjy,Aronovich,Male
Gerhardt,Andrelli,Male
Quintana,Riccardi,Female
Freddi,Marke,Female
Homerus,Jirak,Male
Christiane,Coggeshall,Female
Laurianne,Hoff,Female
Melessa,Diboll,Female
Carling,Lowde,Male
Walliw,Bachnic,Female
Meredeth,Kinsman,Male
Fin,Baynam,Male
Cordy,Furber,Female
Chery,Moorcraft,Female
Dorie,Gockeler,Female
Bonny,Grace,Female
Hamish,Cornely,Male
Chrisse,Edgson,Male
Yankee,Medeway,Genderfluid
Tonya,Sommerly,Female
Benton,Mandrake,Male
Charlton,Kluger,Male
Liza,Feldman,Female
Roderic,Featenby,Male
Julian,Plumbley,Male
Peri,Beldan,Female
Fredelia,Kuhnel,Female
Fredia,Kedwell,Female
Lalo,Paffot,Male
Araldo,Fend,Male
Gavin,Milbank,Agender
Dolph,Aspinell,Male
Rance,Heigl,Genderqueer
Say,Teideman,Male
Jeane,Gurwood,Female
Nanete,Simyson,Female
Jodie,Kirkwood,Male
Livy,Cattrall,Female
Ashley,Weavers,Female
Thurston,Soares,Male
Harp,Westraw,Male
Giselle,Macklin,Female
Lotte,Ferrea,Female
Dyann,Kyteley,Bigender
Allyn,Bugg,Female
Tommi,Kimbrey,Female
Rollins,Silcock,Male
Jacquette,Edgley,Female
Elmore,Rapson,Male
Sabine,Jemison,Female
Alberto,Belton,Male
Mitchael,Hanner,Male
Avigdor,McNickle,Male
Reid,Stinchcombe,Male
Jerrilee,Mowsley,Female
Lowell,Rawsthorne,Male
Elvis,Voelker,Male
Colas,Blayd,Male
Modestia,Dedenham,Female
Angelique,Lever,Polygender
Wendi,Gregersen,Female
Titos,Stanlick,Male
Andriette,Sullens,Female
Avrit,Minchindon,Female
Alejandra,Hampshire,Female
Wallie,Tuffell,Genderqueer
Devi,Fassum,Female
Mendie,Duberry,Male
Magdalen,Benza,Female
Ambrosio,McFadin,Agender
Kyla,Penlington,Female
Ashla,Mullin,Female
Shellysheldon,Newby,Male
Tiffany,Seyfart,Female
Basil,Yeell,Male
Hussein,Abson,Male
Dov,Slany,Male
Natal,Handrick,Male
Korrie,Vibert,Female
Sonya,Waind,Female
Fey,Seamans,Female
Inger,Dust,Male
Tremain,Bail,Male
Davey,Hugnet,Male
Lurette,Crouse,Female
Lotti,Povele,Female
Elvina,Fass,Female
Bevon,Bank,Male
Brenden,Sweynson,Male
Lonnie,Norheny,Agender
Sergei,Dower,Male
Laetitia,Streeter,Female
Ortensia,Pignon,Female
Elbert,Mineghelli,Male
Nate,Diggons,Male
Ivory,Janks,Female
Meaghan,Tebbs,Female
Dagmar,Janku,Female
Hedvige,Dominicacci,Female
Byrle,Lundberg,Male
Kristin,Cardenosa,Female
Janeen,Sainteau,Female
Amberly,Tether,Female
Steward,Percival,Male
Melodie,Nott,Female
Guilbert,Joburn,Male
Larissa,Lies,Female
Jammal,Stevings,Male
Cosimo,Leckey,Male
Loralee,McClenan,Female
Oralla,Sivier,Female
Rollin,Ciciari,Male
Joella,Faustin,Female
Calypso,Gallaher,Female
Reilly,Hambleton,Male
David,Wyldbore,Male
Beck,Newcombe,Male
Carilyn,Broadway,Female
Dilly,Derobert,Non-binary
Niall,Soldi,Agender
Fey,Klimas,Female
Emera,Milam,Female
Cash,Smylie,Male
Gram,Froschauer,Male
Lorry,Bolderoe,Male
Cornelia,Aspey,Female
Terencio,Fleury,Male
Merrile,Whittam,Female
Ignatius,Le Moucheux,Male
Sherline,Gosden,Female
Wilhelm,Barlace,Male
Johny,Bunstone,Male
Brewster,Klulisek,Male
Coletta,Yearsley,Female
Merle,Gercke,Female
Ariel,Klimp,Female
Billy,Foggarty,Male
Pegeen,Conahy,Female
Krispin,Thicking,Male
Nap,O'Lochan,Male
Keriann,Sparkwell,Female
Barnard,Kettel,Male
Jilli,Sollime,Female
